experience_level,avg_salary,job_count
Entry Level,77491.42105263157,38
Lead,181963.79527559056,127
Mid Level,110106.41635687732,269
Senior,150294.75875,400
Staff,200296.18253968254,126
